<?xml version="1.0" encoding="UTF-8" standalone="no"?><Players><Player ID="1"><Name>Human</Name><Level>Beginner</Level><Points>0</Points><NumberOfGames>5</NumberOfGames><Win>2</Win><Lose>0</Lose><Tie>2</Tie><Time>78</Time><Steps>148, 152, 151, 150, 149, 133, 117, 84, 68, </Steps></Player><Player ID="2"><Name>Computer</Name><Level>Beginner</Level><Points>0</Points><NumberOfGames>5</NumberOfGames><Win>0</Win><Lose>2</Lose><Tie>2</Tie><Time>81</Time><Steps>153, 168, 116, 165, 101, 135, 100, 85, </Steps></Player></Players>